WWR-NS,WWR-EW,ShadeDepth,"ShadeOrientation (0:V, 1:H)",SHGC,VLT,ExWall,EUI(kWh/m2),HVACp (W/m2),Daylight Autonomy,Excessive Daylight,Energy Cost (AU$/yr),OT27% - Patient North,OT27% - Patient South,img,EUI(kWh/m2)|DtS,HVACp(W/m2)|DtS,DA|DtS,Excessive Daylight|DtS
25,25,0,0,0.22,30,1.4,59.38,11.94,21.96,1.24,27438.97,67.56,68.18,WWR-NS0_WWR-EW0_ShadeDepth0_ShadeOrienation0_SHGCVLT0_ExWall0.png,-29.57,-33.41,72.76,-75.92
50,25,0,0,0.22,30,1.4,65.08,13.74,54.72,2.63,30072.89,67.67,68.29,WWR-NS1_WWR-EW0_ShadeDepth0_ShadeOrienation0_SHGCVLT0_ExWall0.png,-22.81,-23.37,32.13,-48.93
75,25,0,0,0.22,30,1.4,70.98,15.43,76.01,4.53,32799.23,67.79,68.34,WWR-NS2_WWR-EW0_ShadeDepth0_ShadeOrienation0_SHGCVLT0_ExWall0.png,-15.81,-13.94,5.72,-12.04
25,50,0,0,0.22,30,1.4,60.41,12.26,27.02,1.45,27914.93,67.56,68.21,WWR-NS0_WWR-EW1_ShadeDepth0_ShadeOrienation0_SHGCVLT0_ExWall0.png,-28.35,-31.62,66.48,-71.84
50,50,0,0,0.22,30,1.4,66.11,14.06,59,2.85,30548.85,67.69,68.3,WWR-NS1_WWR-EW1_ShadeDepth0_ShadeOrienation0_SHGCVLT0_ExWall0.png,-21.59,-21.58,26.82,-44.66
75,50,0,0,0.22,30,1.4,71.99,15.72,78.89,4.77,33265.94,67.84,68.39,WWR-NS2_WWR-EW1_ShadeDepth0_ShadeOrienation0_SHGCVLT0_ExWall0.png,-14.61,-12.33,2.15,-7.38
25,75,0,0,0.22,30,1.4,61.39,12.58,32.92,1.73,28367.78,67.58,68.22,WWR-NS0_WWR-EW2_ShadeDepth0_ShadeOrienation0_SHGCVLT0_ExWall0.png,-27.19,-29.84,59.17,-66.41
50,75,0,0,0.22,30,1.4,67.09,14.35,63.61,3.14,31001.69,67.71,68.3,WWR-NS1_WWR-EW2_ShadeDepth0_ShadeOrienation0_SHGCVLT0_ExWall0.png,-20.42,-19.97,21.1,-39.03
75,75,0,0,0.22,30,1.4,72.95,15.99,82.36,5.07,33709.55,67.84,68.39,WWR-NS2_WWR-EW2_ShadeDepth0_ShadeOrienation0_SHGCVLT0_ExWall0.png,-13.47,-10.82,-2.16,-1.55
25,25,300,0,0.22,30,1.4,59.08,11.89,22.1,1.27,27300.34,67.53,68.17,WWR-NS0_WWR-EW0_ShadeDepth1_ShadeOrienation0_SHGCVLT0_ExWall0.png,-29.93,-33.69,72.59,-75.34
50,25,300,0,0.22,30,1.4,64.92,13.7,54.65,2.62,29998.96,67.64,68.29,WWR-NS1_WWR-EW0_ShadeDepth1_ShadeOrienation0_SHGCVLT0_ExWall0.png,-23,-23.59,32.21,-49.13
75,25,300,0,0.22,30,1.4,70.81,15.38,76,4.54,32720.67,67.79,68.34,WWR-NS2_WWR-EW0_ShadeDepth1_ShadeOrienation0_SHGCVLT0_ExWall0.png,-16.01,-14.22,5.73,-11.84
25,50,300,0,0.22,30,1.4,60.18,12.23,27.17,1.49,27808.65,67.56,68.17,WWR-NS0_WWR-EW1_ShadeDepth1_ShadeOrienation0_SHGCVLT0_ExWall0.png,-28.62,-31.79,66.3,-71.07
50,50,300,0,0.22,30,1.4,66.02,14.03,58.9,2.85,30507.26,67.68,68.3,WWR-NS1_WWR-EW1_ShadeDepth1_ShadeOrienation0_SHGCVLT0_ExWall0.png,-21.69,-21.75,26.94,-44.66
75,50,300,0,0.22,30,1.4,71.89,15.69,78.86,4.77,33219.73,67.81,68.37,WWR-NS2_WWR-EW1_ShadeDepth1_ShadeOrienation0_SHGCVLT0_ExWall0.png,-14.73,-12.49,2.18,-7.38
25,75,300,0,0.22,30,1.4,61.15,12.54,33.1,1.76,28256.87,67.58,68.21,WWR-NS0_WWR-EW2_ShadeDepth1_ShadeOrienation0_SHGCVLT0_ExWall0.png,-27.47,-30.06,58.94,-65.83
50,75,300,0,0.22,30,1.4,66.97,14.32,63.62,3.13,30946.24,67.69,68.3,WWR-NS1_WWR-EW2_ShadeDepth1_ShadeOrienation0_SHGCVLT0_ExWall0.png,-20.57,-20.13,21.09,-39.22
75,75,300,0,0.22,30,1.4,72.82,15.96,82.34,5.06,33649.48,67.84,68.39,WWR-NS2_WWR-EW2_ShadeDepth1_ShadeOrienation0_SHGCVLT0_ExWall0.png,-13.63,-10.99,-2.13,-1.75
25,25,600,0,0.22,30,1.4,58.83,11.86,22.14,1.28,27184.82,67.51,68.17,WWR-NS0_WWR-EW0_ShadeDepth2_ShadeOrienation0_SHGCVLT0_ExWall0.png,-30.22,-33.85,72.54,-75.15
50,25,600,0,0.22,30,1.4,64.83,13.66,54.53,2.62,29957.37,67.64,68.28,WWR-NS1_WWR-EW0_ShadeDepth2_ShadeOrienation0_SHGCVLT0_ExWall0.png,-23.11,-23.81,32.36,-49.13
75,25,600,0,0.22,30,1.4,70.66,15.34,76,4.54,32651.36,67.77,68.32,WWR-NS2_WWR-EW0_ShadeDepth2_ShadeOrienation0_SHGCVLT0_ExWall0.png,-16.19,-14.45,5.73,-11.84
25,50,600,0,0.22,30,1.4,59.99,12.2,27.26,1.5,27720.85,67.53,68.17,WWR-NS0_WWR-EW1_ShadeDepth2_ShadeOrienation0_SHGCVLT0_ExWall0.png,-28.85,-31.96,66.19,-70.87
50,50,600,0,0.22,30,1.4,65.93,14.01,58.81,2.85,30465.67,67.66,68.3,WWR-NS1_WWR-EW1_ShadeDepth2_ShadeOrienation0_SHGCVLT0_ExWall0.png,-21.8,-21.86,27.05,-44.66
75,50,600,0,0.22,30,1.4,71.78,15.66,78.82,4.78,33168.9,67.8,68.33,WWR-NS2_WWR-EW1_ShadeDepth2_ShadeOrienation0_SHGCVLT0_ExWall0.png,-14.86,-12.66,2.23,-7.18
25,75,600,0,0.22,30,1.4,60.93,12.5,33.15,1.77,28155.21,67.55,68.17,WWR-NS0_WWR-EW2_ShadeDepth2_ShadeOrienation0_SHGCVLT0_ExWall0.png,-27.73,-30.28,58.88,-65.63
50,75,600,0,0.22,30,1.4,66.85,14.29,63.48,3.13,30890.79,67.67,68.3,WWR-NS1_WWR-EW2_ShadeDepth2_ShadeOrienation0_SHGCVLT0_ExWall0.png,-20.71,-20.3,21.26,-39.22
75,75,600,0,0.22,30,1.4,72.67,15.92,82.3,5.07,33580.16,67.81,68.34,WWR-NS2_WWR-EW2_ShadeDepth2_ShadeOrienation0_SHGCVLT0_ExWall0.png,-13.81,-11.21,-2.08,-1.55
25,25,0,1,0.22,30,1.4,59.38,11.94,21.91,1.24,27438.97,67.56,68.18,WWR-NS0_WWR-EW0_ShadeDepth0_ShadeOrienation1_SHGCVLT0_ExWall0.png,-29.57,-33.41,72.82,-75.92
50,25,0,1,0.22,30,1.4,65.08,13.74,54.66,2.63,30072.89,67.67,68.29,WWR-NS1_WWR-EW0_ShadeDepth0_ShadeOrienation1_SHGCVLT0_ExWall0.png,-22.81,-23.37,32.2,-48.93
75,25,0,1,0.22,30,1.4,70.98,15.43,76.04,4.53,32799.23,67.79,68.34,WWR-NS2_WWR-EW0_ShadeDepth0_ShadeOrienation1_SHGCVLT0_ExWall0.png,-15.81,-13.94,5.68,-12.04
25,50,0,1,0.22,30,1.4,60.41,12.26,27.01,1.45,27914.93,67.56,68.21,WWR-NS0_WWR-EW1_ShadeDepth0_ShadeOrienation1_SHGCVLT0_ExWall0.png,-28.35,-31.62,66.5,-71.84
50,50,0,1,0.22,30,1.4,66.11,14.06,58.87,2.85,30548.85,67.69,68.3,WWR-NS1_WWR-EW1_ShadeDepth0_ShadeOrienation1_SHGCVLT0_ExWall0.png,-21.59,-21.58,26.98,-44.66
75,50,0,1,0.22,30,1.4,71.99,15.72,78.89,4.77,33265.94,67.84,68.39,WWR-NS2_WWR-EW1_ShadeDepth0_ShadeOrienation1_SHGCVLT0_ExWall0.png,-14.61,-12.33,2.15,-7.38
25,75,0,1,0.22,30,1.4,61.39,12.58,32.92,1.73,28367.78,67.58,68.22,WWR-NS0_WWR-EW2_ShadeDepth0_ShadeOrienation1_SHGCVLT0_ExWall0.png,-27.19,-29.84,59.17,-66.41
50,75,0,1,0.22,30,1.4,67.09,14.35,63.62,3.14,31001.69,67.71,68.3,WWR-NS1_WWR-EW2_ShadeDepth0_ShadeOrienation1_SHGCVLT0_ExWall0.png,-20.42,-19.97,21.09,-39.03
75,75,0,1,0.22,30,1.4,72.95,15.99,82.35,5.07,33709.55,67.84,68.39,WWR-NS2_WWR-EW2_ShadeDepth0_ShadeOrienation1_SHGCVLT0_ExWall0.png,-13.47,-10.82,-2.15,-1.55
25,25,300,1,0.22,30,1.4,58.33,11.67,19.76,0.82,26953.78,67.51,68.16,WWR-NS0_WWR-EW0_ShadeDepth1_ShadeOrienation1_SHGCVLT0_ExWall0.png,-30.81,-34.91,75.49,-84.08
50,25,300,1,0.22,30,1.4,63.32,13.26,53.08,1.86,29259.61,67.63,68.23,WWR-NS1_WWR-EW0_ShadeDepth1_ShadeOrienation1_SHGCVLT0_ExWall0.png,-24.9,-26.05,34.16,-63.88
75,25,300,1,0.22,30,1.4,69.16,14.97,75.32,3.76,31958.22,67.73,68.32,WWR-NS2_WWR-EW0_ShadeDepth1_ShadeOrienation1_SHGCVLT0_ExWall0.png,-17.97,-16.51,6.57,-26.99
25,50,300,1,0.22,30,1.4,59.23,11.96,24.96,0.99,27369.66,67.53,68.16,WWR-NS0_WWR-EW1_ShadeDepth1_ShadeOrienation1_SHGCVLT0_ExWall0.png,-29.75,-33.3,69.04,-80.78
50,50,300,1,0.22,30,1.4,64.23,13.55,57.43,2.03,29680.11,67.64,68.24,WWR-NS1_WWR-EW1_ShadeDepth1_ShadeOrienation1_SHGCVLT0_ExWall0.png,-23.82,-24.43,28.76,-60.58
75,50,300,1,0.22,30,1.4,70.05,15.23,78.25,3.93,32369.48,67.75,68.32,WWR-NS2_WWR-EW1_ShadeDepth1_ShadeOrienation1_SHGCVLT0_ExWall0.png,-16.91,-15.06,2.94,-23.69
25,75,300,1,0.22,30,1.4,60.16,12.27,31.01,1.27,27799.4,67.55,68.17,WWR-NS0_WWR-EW2_ShadeDepth1_ShadeOrienation1_SHGCVLT0_ExWall0.png,-28.64,-31.57,61.54,-75.34
50,75,300,1,0.22,30,1.4,65.21,13.85,62.23,2.32,30132.96,67.64,68.25,WWR-NS1_WWR-EW2_ShadeDepth1_ShadeOrienation1_SHGCVLT0_ExWall0.png,-22.65,-22.76,22.81,-54.95
75,75,300,1,0.22,30,1.4,71.02,15.51,81.78,4.24,32817.71,67.77,68.33,WWR-NS2_WWR-EW2_ShadeDepth1_ShadeOrienation1_SHGCVLT0_ExWall0.png,-15.76,-13.5,-1.44,-17.67
25,25,600,1,0.22,30,1.4,57.51,11.48,18.22,0.55,26574.86,67.5,68.14,WWR-NS0_WWR-EW0_ShadeDepth2_ShadeOrienation1_SHGCVLT0_ExWall0.png,-31.79,-35.97,77.4,-89.32
50,25,600,1,0.22,30,1.4,61.78,12.85,51.46,1.21,28547.99,67.59,68.22,WWR-NS1_WWR-EW0_ShadeDepth2_ShadeOrienation1_SHGCVLT0_ExWall0.png,-26.72,-28.33,36.17,-76.5
75,25,600,1,0.22,30,1.4,66.58,14.47,74.66,3.04,30766.03,67.69,68.3,WWR-NS2_WWR-EW0_ShadeDepth2_ShadeOrienation1_SHGCVLT0_ExWall0.png,-21.03,-19.3,7.39,-40.97
25,50,600,1,0.22,30,1.4,58.25,11.73,23.39,0.66,26916.81,67.5,68.15,WWR-NS0_WWR-EW1_ShadeDepth2_ShadeOrienation1_SHGCVLT0_ExWall0.png,-30.91,-34.58,70.99,-87.18
50,50,600,1,0.22,30,1.4,62.55,13.1,55.76,1.32,28903.8,67.59,68.22,WWR-NS1_WWR-EW1_ShadeDepth2_ShadeOrienation1_SHGCVLT0_ExWall0.png,-25.81,-26.94,30.84,-74.37
75,50,600,1,0.22,30,1.4,68.28,14.79,77.58,3.16,31551.58,67.71,68.31,WWR-NS2_WWR-EW1_ShadeDepth2_ShadeOrienation1_SHGCVLT0_ExWall0.png,-19.01,-17.51,3.77,-38.64
25,75,600,1,0.22,30,1.4,59.17,12,29.5,0.93,27341.93,67.51,68.16,WWR-NS0_WWR-EW2_ShadeDepth2_ShadeOrienation1_SHGCVLT0_ExWall0.png,-29.82,-33.07,63.41,-81.94
50,75,600,1,0.22,30,1.4,63.52,13.4,60.73,1.6,29352.03,67.6,68.22,WWR-NS1_WWR-EW2_ShadeDepth2_ShadeOrienation1_SHGCVLT0_ExWall0.png,-24.66,-25.26,24.67,-68.93
75,75,600,1,0.22,30,1.4,69.24,15.07,81.18,3.45,31995.19,67.69,68.31,WWR-NS2_WWR-EW2_ShadeDepth2_ShadeOrienation1_SHGCVLT0_ExWall0.png,-17.87,-15.95,-0.69,-33.01
25,25,0,0,0.45,50,1.4,70.25,14.17,43.66,2.25,32461.9,70.58,71.15,WWR-NS0_WWR-EW0_ShadeDepth0_ShadeOrienation0_SHGCVLT1_ExWall0.png,-16.68,-20.97,45.84,-56.31
50,25,0,0,0.45,50,1.4,82.2,17.39,76.34,4.73,37983.89,70.91,71.38,WWR-NS1_WWR-EW0_ShadeDepth0_ShadeOrienation0_SHGCVLT1_ExWall0.png,-2.5,-3.01,5.31,-8.16
75,25,0,0,0.45,50,1.4,95.18,20.65,85.28,7.9,43981.84,71.1,71.6,WWR-NS2_WWR-EW0_ShadeDepth0_ShadeOrienation0_SHGCVLT1_ExWall0.png,12.89,15.17,-5.78,53.4
25,50,0,0,0.45,50,1.4,72.48,14.76,50.11,2.65,33492.37,70.65,71.18,WWR-NS0_WWR-EW1_ShadeDepth0_ShadeOrienation0_SHGCVLT1_ExWall0.png,-14.03,-17.68,37.84,-48.54
50,50,0,0,0.45,50,1.4,84.31,17.93,80.6,5.15,38958.9,70.95,71.4,WWR-NS1_WWR-EW1_ShadeDepth0_ShadeOrienation0_SHGCVLT1_ExWall0.png,0,0,0,0
75,50,0,0,0.45,50,1.4,97,21.06,88.94,8.35,44822.84,71.12,71.61,WWR-NS2_WWR-EW1_ShadeDepth0_ShadeOrienation0_SHGCVLT1_ExWall0.png,15.05,17.46,-10.32,62.14
25,75,0,0,0.45,50,1.4,74.7,15.32,55.78,3.15,34518.21,70.72,71.2,WWR-NS0_WWR-EW2_ShadeDepth0_ShadeOrienation0_SHGCVLT1_ExWall0.png,-11.4,-14.56,30.81,-38.83
50,75,0,0,0.45,50,1.4,87.36,18.58,84.11,5.67,40368.28,70.96,71.42,WWR-NS1_WWR-EW2_ShadeDepth0_ShadeOrienation0_SHGCVLT1_ExWall0.png,3.62,3.63,-4.33,10.1
75,75,0,0,0.45,50,1.4,98.9,21.52,92.09,8.9,45700.81,71.16,71.63,WWR-NS2_WWR-EW2_ShadeDepth0_ShadeOrienation0_SHGCVLT1_ExWall0.png,17.31,20.02,-14.23,72.82
25,25,300,0,0.45,50,1.4,69.65,14.06,43.53,2.22,32184.65,70.54,71.14,WWR-NS0_WWR-EW0_ShadeDepth1_ShadeOrienation0_SHGCVLT1_ExWall0.png,-17.39,-21.58,46.01,-56.89
50,25,300,0,0.45,50,1.4,81.9,17.33,76.28,4.69,37845.26,70.91,71.37,WWR-NS1_WWR-EW0_ShadeDepth1_ShadeOrienation0_SHGCVLT1_ExWall0.png,-2.86,-3.35,5.38,-8.93
75,25,300,0,0.45,50,1.4,94.85,20.59,85.23,7.87,43829.34,71.1,71.6,WWR-NS2_WWR-EW0_ShadeDepth1_ShadeOrienation0_SHGCVLT1_ExWall0.png,12.5,14.84,-5.72,52.82
25,50,300,0,0.45,50,1.4,72.01,14.69,50.04,2.64,33275.18,70.63,71.16,WWR-NS0_WWR-EW1_ShadeDepth1_ShadeOrienation0_SHGCVLT1_ExWall0.png,-14.59,-18.07,37.93,-48.74
50,50,300,0,0.45,50,1.4,84.13,17.88,80.61,5.14,38875.73,70.95,71.4,WWR-NS1_WWR-EW1_ShadeDepth1_ShadeOrienation0_SHGCVLT1_ExWall0.png,-0.21,-0.28,0.01,-0.19
75,50,300,0,0.45,50,1.4,96.81,21.02,88.92,8.33,44735.04,71.11,71.6,WWR-NS2_WWR-EW1_ShadeDepth1_ShadeOrienation0_SHGCVLT1_ExWall0.png,14.83,17.23,-10.3,61.75
25,75,300,0,0.45,50,1.4,74.19,15.25,55.54,3.12,34282.54,70.64,71.18,WWR-NS0_WWR-EW2_ShadeDepth1_ShadeOrienation0_SHGCVLT1_ExWall0.png,-12,-14.95,31.11,-39.42
50,75,300,0,0.45,50,1.4,87.12,18.51,84.06,5.64,40257.38,70.95,71.4,WWR-NS1_WWR-EW2_ShadeDepth1_ShadeOrienation0_SHGCVLT1_ExWall0.png,3.33,3.23,-4.27,9.51
75,75,300,0,0.45,50,1.4,98.64,21.46,92.11,8.87,45580.67,71.12,71.63,WWR-NS2_WWR-EW2_ShadeDepth1_ShadeOrienation0_SHGCVLT1_ExWall0.png,17,19.69,-14.25,72.23
25,25,600,0,0.45,50,1.4,69.17,13.97,43.38,2.22,31962.84,70.53,71.12,WWR-NS0_WWR-EW0_ShadeDepth2_ShadeOrienation0_SHGCVLT1_ExWall0.png,-17.96,-22.09,46.19,-56.89
50,25,600,0,0.45,50,1.4,81.67,17.28,76.24,4.68,37738.98,70.87,71.35,WWR-NS1_WWR-EW0_ShadeDepth2_ShadeOrienation0_SHGCVLT1_ExWall0.png,-3.13,-3.63,5.43,-9.13
75,25,600,0,0.45,50,1.4,94.57,20.52,85.2,7.85,43699.96,71.08,71.6,WWR-NS2_WWR-EW0_ShadeDepth2_ShadeOrienation0_SHGCVLT1_ExWall0.png,12.17,14.45,-5.68,52.43
25,50,600,0,0.45,50,1.4,71.66,14.63,49.9,2.65,33113.45,70.61,71.15,WWR-NS0_WWR-EW1_ShadeDepth2_ShadeOrienation0_SHGCVLT1_ExWall0.png,-15,-18.4,38.1,-48.54
50,50,600,0,0.45,50,1.4,83.96,17.83,80.6,5.12,38797.17,70.91,71.4,WWR-NS1_WWR-EW1_ShadeDepth2_ShadeOrienation0_SHGCVLT1_ExWall0.png,-0.42,-0.56,0.02,-0.58
75,50,600,0,0.45,50,1.4,96.61,20.97,88.97,8.32,44642.63,71.1,71.6,WWR-NS2_WWR-EW1_ShadeDepth2_ShadeOrienation0_SHGCVLT1_ExWall0.png,14.59,16.95,-10.36,61.55
25,75,600,0,0.45,50,1.4,73.76,15.19,55.49,3.11,34083.84,70.64,71.16,WWR-NS0_WWR-EW2_ShadeDepth2_ShadeOrienation0_SHGCVLT1_ExWall0.png,-12.51,-15.28,31.17,-39.61
50,75,600,0,0.45,50,1.4,86.88,18.45,84,5.61,40146.48,70.94,71.4,WWR-NS1_WWR-EW2_ShadeDepth2_ShadeOrienation0_SHGCVLT1_ExWall0.png,3.05,2.9,-4.19,8.93
75,75,600,0,0.45,50,1.4,98.36,21.38,92.05,8.84,45451.28,71.1,71.6,WWR-NS2_WWR-EW2_ShadeDepth2_ShadeOrienation0_SHGCVLT1_ExWall0.png,16.66,19.24,-14.18,71.65
25,25,0,1,0.45,50,1.4,70.25,14.17,43.74,2.24,32461.9,70.58,71.15,WWR-NS0_WWR-EW0_ShadeDepth0_ShadeOrienation1_SHGCVLT1_ExWall0.png,-16.68,-20.97,45.75,-56.5
50,25,0,1,0.45,50,1.4,82.2,17.39,76.34,4.73,37983.89,70.91,71.38,WWR-NS1_WWR-EW0_ShadeDepth0_ShadeOrienation1_SHGCVLT1_ExWall0.png,-2.5,-3.01,5.31,-8.16
75,25,0,1,0.45,50,1.4,95.18,20.65,85.28,7.9,43981.84,71.1,71.6,WWR-NS2_WWR-EW0_ShadeDepth0_ShadeOrienation1_SHGCVLT1_ExWall0.png,12.89,15.17,-5.78,53.4
25,50,0,1,0.45,50,1.4,72.48,14.76,50.11,2.65,33492.37,70.65,71.18,WWR-NS0_WWR-EW1_ShadeDepth0_ShadeOrienation1_SHGCVLT1_ExWall0.png,-14.03,-17.68,37.84,-48.54
50,50,0,1,0.45,50,1.4,84.31,17.93,80.6,5.15,38958.9,70.95,71.4,WWR-NS1_WWR-EW1_ShadeDepth0_ShadeOrienation1_SHGCVLT1_ExWall0.png,0,0,0.02,0
75,50,0,1,0.45,50,1.4,97,21.06,89.01,8.35,44822.84,71.12,71.61,WWR-NS2_WWR-EW1_ShadeDepth0_ShadeOrienation1_SHGCVLT1_ExWall0.png,15.05,17.46,-10.41,62.14
25,75,0,1,0.45,50,1.4,74.7,15.32,55.68,3.15,34518.21,70.72,71.2,WWR-NS0_WWR-EW2_ShadeDepth0_ShadeOrienation1_SHGCVLT1_ExWall0.png,-11.4,-14.56,30.94,-38.83
50,75,0,1,0.45,50,1.4,87.36,18.58,84.1,5.68,40368.28,70.96,71.42,WWR-NS1_WWR-EW2_ShadeDepth0_ShadeOrienation1_SHGCVLT1_ExWall0.png,3.62,3.63,-4.32,10.29
75,75,0,1,0.45,50,1.4,98.9,21.52,92.12,8.91,45700.81,71.16,71.63,WWR-NS2_WWR-EW2_ShadeDepth0_ShadeOrienation1_SHGCVLT1_ExWall0.png,17.31,20.02,-14.26,73.01
25,25,300,1,0.45,50,1.4,68.31,13.7,41.6,1.54,31565.45,70.53,71.12,WWR-NS0_WWR-EW0_ShadeDepth1_ShadeOrienation1_SHGCVLT1_ExWall0.png,-18.98,-23.59,48.4,-70.1
50,25,300,1,0.45,50,1.4,78.72,16.57,75.39,3.36,36375.81,70.82,71.29,WWR-NS1_WWR-EW0_ShadeDepth1_ShadeOrienation1_SHGCVLT1_ExWall0.png,-6.63,-7.59,6.49,-34.76
75,25,300,1,0.45,50,1.4,91.62,19.88,84.93,6.51,42336.79,71.05,71.54,WWR-NS2_WWR-EW0_ShadeDepth1_ShadeOrienation1_SHGCVLT1_ExWall0.png,8.67,10.88,-5.35,26.41
25,50,300,1,0.45,50,1.4,70.31,14.22,48.11,1.85,32489.63,70.58,71.15,WWR-NS0_WWR-EW1_ShadeDepth1_ShadeOrienation1_SHGCVLT1_ExWall0.png,-16.61,-20.69,40.32,-64.08
50,50,300,1,0.45,50,1.4,80.54,17,79.72,3.68,37216.82,70.86,71.34,WWR-NS1_WWR-EW1_ShadeDepth1_ShadeOrienation1_SHGCVLT1_ExWall0.png,-4.47,-5.19,1.12,-28.54
75,50,300,1,0.45,50,1.4,93.26,20.27,88.62,6.86,43094.62,71.08,71.59,WWR-NS2_WWR-EW1_ShadeDepth1_ShadeOrienation1_SHGCVLT1_ExWall0.png,10.62,13.05,-9.92,33.2
25,75,300,1,0.45,50,1.4,72.46,14.77,53.75,2.36,33483.12,70.63,71.16,WWR-NS0_WWR-EW2_ShadeDepth1_ShadeOrienation1_SHGCVLT1_ExWall0.png,-14.06,-17.62,33.33,-54.17
50,75,300,1,0.45,50,1.4,82.63,17.57,83.28,4.2,38182.59,70.9,71.36,WWR-NS1_WWR-EW2_ShadeDepth1_ShadeOrienation1_SHGCVLT1_ExWall0.png,-1.99,-2.01,-3.3,-18.45
75,75,300,1,0.45,50,1.4,95.08,20.65,91.82,7.41,43935.63,71.08,71.6,WWR-NS2_WWR-EW2_ShadeDepth1_ShadeOrienation1_SHGCVLT1_ExWall0.png,12.77,15.17,-13.89,43.88
25,25,600,1,0.45,50,1.4,66.8,13.47,39.8,1.12,30867.69,70.47,71.07,WWR-NS0_WWR-EW0_ShadeDepth2_ShadeOrienation1_SHGCVLT1_ExWall0.png,-20.77,-24.87,50.63,-78.25
50,25,600,1,0.45,50,1.4,75.67,15.84,74.56,2.36,34966.44,70.78,71.26,WWR-NS1_WWR-EW0_ShadeDepth2_ShadeOrienation1_SHGCVLT1_ExWall0.png,-10.25,-11.66,7.52,-54.17
75,25,600,1,0.45,50,1.4,88.42,19.21,84.6,5.37,40858.1,70.97,71.45,WWR-NS2_WWR-EW0_ShadeDepth2_ShadeOrienation1_SHGCVLT1_ExWall0.png,4.87,7.14,-4.94,4.27
25,50,600,1,0.45,50,1.4,68.48,13.93,46.45,1.33,31644,70.51,71.08,WWR-NS0_WWR-EW1_ShadeDepth2_ShadeOrienation1_SHGCVLT1_ExWall0.png,-18.78,-22.31,42.38,-74.17
50,50,600,1,0.45,50,1.4,77.13,16.17,78.92,2.58,35641.09,70.78,71.26,WWR-NS1_WWR-EW1_ShadeDepth2_ShadeOrienation1_SHGCVLT1_ExWall0.png,-8.52,-9.82,2.11,-49.9
75,50,600,1,0.45,50,1.4,89.79,19.49,88.3,5.62,41491.16,70.97,71.5,WWR-NS2_WWR-EW1_ShadeDepth2_ShadeOrienation1_SHGCVLT1_ExWall0.png,6.5,8.7,-9.53,9.13
25,75,600,1,0.45,50,1.4,70.63,14.46,52.33,1.81,32637.5,70.54,71.13,WWR-NS0_WWR-EW2_ShadeDepth2_ShadeOrienation1_SHGCVLT1_ExWall0.png,-16.23,-19.35,35.09,-64.85
50,75,600,1,0.45,50,1.4,79.27,16.74,82.62,3.07,36629.96,70.81,71.28,WWR-NS1_WWR-EW2_ShadeDepth2_ShadeOrienation1_SHGCVLT1_ExWall0.png,-5.98,-6.64,-2.48,-40.39
75,75,600,1,0.45,50,1.4,91.61,19.84,91.49,6.14,42332.17,71.02,71.53,WWR-NS2_WWR-EW2_ShadeDepth2_ShadeOrienation1_SHGCVLT1_ExWall0.png,8.66,10.65,-13.48,19.22
25,25,0,0,0.7,65,1.4,80.77,16.04,60.59,2.7,37323.1,73.72,74.38,WWR-NS0_WWR-EW0_ShadeDepth0_ShadeOrienation0_SHGCVLT2_ExWall0.png,-4.2,-10.54,24.84,-47.57
50,25,0,0,0.7,65,1.4,98.7,20.61,82.28,5.82,45608.4,74.25,74.86,WWR-NS1_WWR-EW0_ShadeDepth0_ShadeOrienation0_SHGCVLT2_ExWall0.png,17.07,14.95,-2.06,13.01
75,25,0,0,0.7,65,1.4,117.62,24.93,90.14,9.77,54351.16,74.77,75.29,WWR-NS2_WWR-EW0_ShadeDepth0_ShadeOrienation0_SHGCVLT2_ExWall0.png,39.51,39.04,-11.81,89.71
25,50,0,0,0.7,65,1.4,84,16.84,66.8,3.22,38815.66,73.84,74.46,WWR-NS0_WWR-EW1_ShadeDepth0_ShadeOrienation0_SHGCVLT2_ExWall0.png,-0.37,-6.08,17.14,-37.48
50,50,0,0,0.7,65,1.4,101.48,21.16,86.53,6.39,46893.01,74.34,74.93,WWR-NS1_WWR-EW1_ShadeDepth0_ShadeOrienation0_SHGCVLT2_ExWall0.png,20.37,18.01,-7.33,24.08
75,50,0,0,0.7,65,1.4,120.06,25.41,93.8,10.4,55478.66,74.83,75.37,WWR-NS2_WWR-EW1_ShadeDepth0_ShadeOrienation0_SHGCVLT2_ExWall0.png,42.4,41.72,-16.35,101.94
25,75,0,0,0.7,65,1.4,87.32,17.61,71.5,3.85,40349.8,73.9,74.52,WWR-NS0_WWR-EW2_ShadeDepth0_ShadeOrienation0_SHGCVLT2_ExWall0.png,3.57,-1.78,11.31,-25.24
50,75,0,0,0.7,65,1.4,104.49,21.87,89.82,7.07,48283.9,74.42,75.02,WWR-NS1_WWR-EW2_ShadeDepth0_ShadeOrienation0_SHGCVLT2_ExWall0.png,23.94,21.97,-11.41,37.28
75,75,0,0,0.7,65,1.4,122.56,25.91,95.8,11.17,56633.89,74.91,75.41,WWR-NS2_WWR-EW2_ShadeDepth0_ShadeOrienation0_SHGCVLT2_ExWall0.png,45.37,44.51,-18.83,116.89
25,25,300,0,0.7,65,1.4,79.93,15.89,60.5,2.67,36934.95,73.66,74.34,WWR-NS0_WWR-EW0_ShadeDepth1_ShadeOrienation0_SHGCVLT2_ExWall0.png,-5.2,-11.38,24.96,-48.16
50,25,300,0,0.7,65,1.4,98.3,20.53,82.17,5.77,45423.56,74.24,74.86,WWR-NS1_WWR-EW0_ShadeDepth1_ShadeOrienation0_SHGCVLT2_ExWall0.png,16.59,14.5,-1.92,12.04
75,25,300,0,0.7,65,1.4,117.2,24.85,90.09,9.72,54157.08,74.76,75.25,WWR-NS2_WWR-EW0_ShadeDepth1_ShadeOrienation0_SHGCVLT2_ExWall0.png,39.01,38.59,-11.75,88.74
25,50,300,0,0.7,65,1.4,83.36,16.74,66.53,3.21,38519.92,73.77,74.45,WWR-NS0_WWR-EW1_ShadeDepth1_ShadeOrienation0_SHGCVLT2_ExWall0.png,-1.13,-6.64,17.48,-37.67
50,50,300,0,0.7,65,1.4,101.2,21.11,86.5,6.36,46763.62,74.29,74.9,WWR-NS1_WWR-EW1_ShadeDepth1_ShadeOrienation0_SHGCVLT2_ExWall0.png,20.03,17.74,-7.29,23.5
75,50,300,0,0.7,65,1.4,119.79,25.35,93.79,10.37,55353.9,74.81,75.32,WWR-NS2_WWR-EW1_ShadeDepth1_ShadeOrienation0_SHGCVLT2_ExWall0.png,42.08,41.38,-16.34,101.36
25,75,300,0,0.7,65,1.4,86.58,17.52,71.41,3.82,40007.85,73.84,74.49,WWR-NS0_WWR-EW2_ShadeDepth1_ShadeOrienation0_SHGCVLT2_ExWall0.png,2.69,-2.29,11.42,-25.83
50,75,300,0,0.7,65,1.4,104.14,21.78,89.79,7.03,48122.17,74.37,74.99,WWR-NS1_WWR-EW2_ShadeDepth1_ShadeOrienation0_SHGCVLT2_ExWall0.png,23.52,21.47,-11.37,36.5
75,75,300,0,0.7,65,1.4,122.18,25.82,95.88,11.12,56458.3,74.86,75.4,WWR-NS2_WWR-EW2_ShadeDepth1_ShadeOrienation0_SHGCVLT2_ExWall0.png,44.92,44,-18.93,115.92
25,25,600,0,0.7,65,1.4,79.26,15.78,60.29,2.67,36625.34,73.65,74.26,WWR-NS0_WWR-EW0_ShadeDepth2_ShadeOrienation0_SHGCVLT2_ExWall0.png,-5.99,-11.99,25.22,-48.16
50,25,600,0,0.7,65,1.4,97.97,20.46,82.18,5.74,45271.07,74.2,74.83,WWR-NS1_WWR-EW0_ShadeDepth2_ShadeOrienation0_SHGCVLT2_ExWall0.png,16.2,14.11,-1.94,11.46
75,25,600,0,0.7,65,1.4,116.79,24.75,90.04,9.67,53967.62,74.7,75.17,WWR-NS2_WWR-EW0_ShadeDepth2_ShadeOrienation0_SHGCVLT2_ExWall0.png,38.52,38.04,-11.68,87.77
25,50,600,0,0.7,65,1.4,82.8,16.65,66.42,3.23,38261.15,73.72,74.38,WWR-NS0_WWR-EW1_ShadeDepth2_ShadeOrienation0_SHGCVLT2_ExWall0.png,-1.79,-7.14,17.61,-37.28
50,50,600,0,0.7,65,1.4,100.95,21.04,86.55,6.34,46648.1,74.28,74.89,WWR-NS1_WWR-EW1_ShadeDepth2_ShadeOrienation0_SHGCVLT2_ExWall0.png,19.74,17.35,-7.36,23.11
75,50,600,0,0.7,65,1.4,119.49,25.28,93.75,10.34,55215.27,74.75,75.29,WWR-NS2_WWR-EW1_ShadeDepth2_ShadeOrienation0_SHGCVLT2_ExWall0.png,41.73,40.99,-16.29,100.78
25,75,600,0,0.7,65,1.4,85.95,17.43,71.16,3.81,39716.73,73.77,74.43,WWR-NS0_WWR-EW2_ShadeDepth2_ShadeOrienation0_SHGCVLT2_ExWall0.png,1.95,-2.79,11.73,-26.02
50,75,600,0,0.7,65,1.4,103.8,21.69,89.8,6.99,47965.06,74.33,74.91,WWR-NS1_WWR-EW2_ShadeDepth2_ShadeOrienation0_SHGCVLT2_ExWall0.png,23.12,20.97,-11.39,35.73
75,75,600,0,0.7,65,1.4,121.8,25.73,95.83,11.06,56282.7,74.77,75.32,WWR-NS2_WWR-EW2_ShadeDepth2_ShadeOrienation0_SHGCVLT2_ExWall0.png,44.47,43.5,-18.87,114.76
25,25,0,1,0.7,65,1.4,80.77,16.04,60.63,2.7,37323.1,73.72,74.38,WWR-NS0_WWR-EW0_ShadeDepth0_ShadeOrienation1_SHGCVLT2_ExWall0.png,-4.2,-10.54,24.8,-47.57
50,25,0,1,0.7,65,1.4,98.7,20.61,82.22,5.81,45608.4,74.25,74.86,WWR-NS1_WWR-EW0_ShadeDepth0_ShadeOrienation1_SHGCVLT2_ExWall0.png,17.07,14.95,-1.98,12.82
75,25,0,1,0.7,65,1.4,117.62,24.93,90.11,9.77,54351.16,74.77,75.29,WWR-NS2_WWR-EW0_ShadeDepth0_ShadeOrienation1_SHGCVLT2_ExWall0.png,39.51,39.04,-11.77,89.71
25,50,0,1,0.7,65,1.4,84,16.84,66.79,3.22,38815.66,73.84,74.46,WWR-NS0_WWR-EW1_ShadeDepth0_ShadeOrienation1_SHGCVLT2_ExWall0.png,-0.37,-6.08,17.15,-37.48
50,50,0,1,0.7,65,1.4,101.48,21.16,86.53,6.39,46893.01,74.34,74.93,WWR-NS1_WWR-EW1_ShadeDepth0_ShadeOrienation1_SHGCVLT2_ExWall0.png,20.37,18.01,-7.33,24.08
75,50,0,1,0.7,65,1.4,120.06,25.41,93.71,10.4,55478.66,74.83,75.37,WWR-NS2_WWR-EW1_ShadeDepth0_ShadeOrienation1_SHGCVLT2_ExWall0.png,42.4,41.72,-16.24,101.94
25,75,0,1,0.7,65,1.4,87.32,17.61,71.42,3.85,40349.8,73.9,74.52,WWR-NS0_WWR-EW2_ShadeDepth0_ShadeOrienation1_SHGCVLT2_ExWall0.png,3.57,-1.78,11.41,-25.24
50,75,0,1,0.7,65,1.4,104.49,21.87,89.86,7.07,48283.9,74.42,75.02,WWR-NS1_WWR-EW2_ShadeDepth0_ShadeOrienation1_SHGCVLT2_ExWall0.png,23.94,21.97,-11.46,37.28
75,75,0,1,0.7,65,1.4,122.56,25.91,95.86,11.17,56633.89,74.91,75.41,WWR-NS2_WWR-EW2_ShadeDepth0_ShadeOrienation1_SHGCVLT2_ExWall0.png,45.37,44.51,-18.9,116.89
25,25,300,1,0.7,65,1.4,76.66,15.43,58.79,1.9,35423.91,73.65,74.27,WWR-NS0_WWR-EW0_ShadeDepth1_ShadeOrienation1_SHGCVLT2_ExWall0.png,-9.07,-13.94,27.08,-63.11
50,25,300,1,0.7,65,1.4,93.68,19.3,81.64,4.2,43288.7,74.14,74.78,WWR-NS1_WWR-EW0_ShadeDepth1_ShadeOrienation1_SHGCVLT2_ExWall0.png,11.11,7.64,-1.27,-18.45
75,25,300,1,0.7,65,1.4,112.5,23.78,89.79,8.13,51985.25,74.66,75.13,WWR-NS2_WWR-EW0_ShadeDepth1_ShadeOrienation1_SHGCVLT2_ExWall0.png,33.44,32.63,-11.37,57.86
25,50,300,1,0.7,65,1.4,80.79,16.1,65.13,2.3,37332.34,73.72,74.37,WWR-NS0_WWR-EW1_ShadeDepth1_ShadeOrienation1_SHGCVLT2_ExWall0.png,-4.18,-10.21,19.21,-55.34
50,50,300,1,0.7,65,1.4,96.03,19.77,85.97,4.63,44374.61,74.21,74.83,WWR-NS1_WWR-EW1_ShadeDepth1_ShadeOrienation1_SHGCVLT2_ExWall0.png,13.9,10.26,-6.64,-10.1
75,50,300,1,0.7,65,1.4,114.67,24.24,93.52,8.62,52987.99,74.73,75.17,WWR-NS2_WWR-EW1_ShadeDepth1_ShadeOrienation1_SHGCVLT2_ExWall0.png,36.01,35.19,-16,67.38
25,75,300,1,0.7,65,1.4,84.11,16.86,69.97,2.93,38866.49,73.81,74.44,WWR-NS0_WWR-EW2_ShadeDepth1_ShadeOrienation1_SHGCVLT2_ExWall0.png,-0.24,-5.97,13.21,-43.11
50,75,300,1,0.7,65,1.4,99.04,20.49,89.33,5.32,45765.51,74.29,74.87,WWR-NS1_WWR-EW2_ShadeDepth1_ShadeOrienation1_SHGCVLT2_ExWall0.png,17.47,14.28,-10.8,3.3
75,75,300,1,0.7,65,1.4,117.2,24.75,95.68,9.38,54157.08,74.75,75.3,WWR-NS2_WWR-EW2_ShadeDepth1_ShadeOrienation1_SHGCVLT2_ExWall0.png,39.01,38.04,-18.68,82.14
25,25,600,1,0.7,65,1.4,75.78,14.9,57.42,1.4,35017.27,73.6,74.24,WWR-NS0_WWR-EW0_ShadeDepth2_ShadeOrienation1_SHGCVLT2_ExWall0.png,-10.12,-16.9,28.78,-72.82
50,25,600,1,0.7,65,1.4,89.28,18.27,81.08,2.93,41255.5,74.01,74.65,WWR-NS1_WWR-EW0_ShadeDepth2_ShadeOrienation1_SHGCVLT2_ExWall0.png,5.89,1.9,-0.57,-43.11
75,25,600,1,0.7,65,1.4,107.92,22.72,89.53,6.75,49868.88,74.51,75.06,WWR-NS2_WWR-EW0_ShadeDepth2_ShadeOrienation1_SHGCVLT2_ExWall0.png,28,26.72,-11.05,31.07
25,50,600,1,0.7,65,1.4,78.28,15.54,63.69,1.68,36172.49,73.63,74.26,WWR-NS0_WWR-EW1_ShadeDepth2_ShadeOrienation1_SHGCVLT2_ExWall0.png,-7.15,-13.33,21,-67.38
50,50,600,1,0.7,65,1.4,91.28,18.67,85.44,3.25,42179.68,74.11,74.73,WWR-NS1_WWR-EW1_ShadeDepth2_ShadeOrienation1_SHGCVLT2_ExWall0.png,8.27,4.13,-5.98,-36.89
75,50,600,1,0.7,65,1.4,109.77,23.1,93.31,7.11,50723.74,74.53,75.08,WWR-NS2_WWR-EW1_ShadeDepth2_ShadeOrienation1_SHGCVLT2_ExWall0.png,30.2,28.83,-15.74,38.06
25,75,600,1,0.7,65,1.4,81.5,16.28,68.7,2.3,37660.43,73.69,74.34,WWR-NS0_WWR-EW2_ShadeDepth2_ShadeOrienation1_SHGCVLT2_ExWall0.png,-3.33,-9.2,14.79,-55.34
50,75,600,1,0.7,65,1.4,94.21,19.37,88.94,3.91,43533.61,74.16,74.77,WWR-NS1_WWR-EW2_ShadeDepth2_ShadeOrienation1_SHGCVLT2_ExWall0.png,11.74,8.03,-10.32,-24.08
75,75,600,1,0.7,65,1.4,112.16,23.59,95.48,7.86,51828.14,74.62,75.11,WWR-NS2_WWR-EW2_ShadeDepth2_ShadeOrienation1_SHGCVLT2_ExWall0.png,33.03,31.57,-18.43,52.62
25,25,0,0,0.22,30,1,60.31,12.18,21.99,1.24,27868.72,67.61,68.24,WWR-NS0_WWR-EW0_ShadeDepth0_ShadeOrienation0_SHGCVLT0_ExWall1.png,-28.47,-32.07,72.72,-75.92
50,25,0,0,0.22,30,1,65.71,13.89,54.69,2.63,30364.01,67.74,68.33,WWR-NS1_WWR-EW0_ShadeDepth0_ShadeOrienation0_SHGCVLT0_ExWall1.png,-22.06,-22.53,32.16,-48.93
75,25,0,0,0.22,30,1,71.36,15.51,76.03,4.54,32974.82,67.9,68.4,WWR-NS2_WWR-EW0_ShadeDepth0_ShadeOrienation0_SHGCVLT0_ExWall1.png,-15.36,-13.5,5.69,-11.84
25,50,0,0,0.22,30,1,61.26,12.48,26.99,1.45,28307.7,67.64,68.24,WWR-NS0_WWR-EW1_ShadeDepth0_ShadeOrienation0_SHGCVLT0_ExWall1.png,-27.34,-30.4,66.52,-71.84
50,50,0,0,0.22,30,1,66.68,14.2,58.9,2.85,30812.24,67.76,68.34,WWR-NS1_WWR-EW1_ShadeDepth0_ShadeOrienation0_SHGCVLT0_ExWall1.png,-20.91,-20.8,26.94,-44.66
75,50,0,0,0.22,30,1,72.32,15.79,78.88,4.77,33418.43,67.91,68.4,WWR-NS2_WWR-EW1_ShadeDepth0_ShadeOrienation0_SHGCVLT0_ExWall1.png,-14.22,-11.94,2.16,-7.38
25,75,0,0,0.22,30,1,62.17,12.78,32.97,1.73,28728.21,67.65,68.25,WWR-NS0_WWR-EW2_ShadeDepth0_ShadeOrienation0_SHGCVLT0_ExWall1.png,-26.26,-28.72,59.1,-66.41
50,75,0,0,0.22,30,1,67.62,14.48,63.62,3.14,31246.6,67.8,68.34,WWR-NS1_WWR-EW2_ShadeDepth0_ShadeOrienation0_SHGCVLT0_ExWall1.png,-19.8,-19.24,21.09,-39.03
75,75,0,0,0.22,30,1,73.23,16.06,82.37,5.07,33838.93,67.92,68.41,WWR-NS2_WWR-EW2_ShadeDepth0_ShadeOrienation0_SHGCVLT0_ExWall1.png,-13.14,-10.43,-2.17,-1.55
25,25,300,0,0.22,30,1,59.99,12.13,22.06,1.26,27720.85,67.6,68.23,WWR-NS0_WWR-EW0_ShadeDepth1_ShadeOrienation0_SHGCVLT0_ExWall1.png,-28.85,-32.35,72.64,-75.53
50,25,300,0,0.22,30,1,65.58,13.85,54.67,2.62,30303.94,67.74,68.32,WWR-NS1_WWR-EW0_ShadeDepth1_ShadeOrienation0_SHGCVLT0_ExWall1.png,-22.22,-22.76,32.19,-49.13
75,25,300,0,0.22,30,1,71.18,15.46,75.98,4.53,32891.65,67.89,68.4,WWR-NS2_WWR-EW0_ShadeDepth1_ShadeOrienation0_SHGCVLT0_ExWall1.png,-15.57,-13.78,5.76,-12.04
25,50,300,0,0.22,30,1,61.02,12.44,27.17,1.49,28196.8,67.61,68.24,WWR-NS0_WWR-EW1_ShadeDepth1_ShadeOrienation0_SHGCVLT0_ExWall1.png,-27.62,-30.62,66.3,-71.07
50,50,300,0,0.22,30,1,66.59,14.17,58.86,2.85,30770.65,67.74,68.32,WWR-NS1_WWR-EW1_ShadeDepth1_ShadeOrienation0_SHGCVLT0_ExWall1.png,-21.02,-20.97,26.99,-44.66
75,50,300,0,0.22,30,1,72.21,15.77,78.86,4.77,33367.6,67.9,68.4,WWR-NS2_WWR-EW1_ShadeDepth1_ShadeOrienation0_SHGCVLT0_ExWall1.png,-14.35,-12.05,2.18,-7.38
25,75,300,0,0.22,30,1,61.91,12.73,33.11,1.76,28608.06,67.64,68.25,WWR-NS0_WWR-EW2_ShadeDepth1_ShadeOrienation0_SHGCVLT0_ExWall1.png,-26.57,-29,58.93,-65.83
50,75,300,0,0.22,30,1,67.5,14.45,63.6,3.14,31191.15,67.76,68.34,WWR-NS1_WWR-EW2_ShadeDepth1_ShadeOrienation0_SHGCVLT0_ExWall1.png,-19.94,-19.41,21.11,-39.03
75,75,300,0,0.22,30,1,73.09,16.02,82.36,5.08,33774.24,67.92,68.4,WWR-NS2_WWR-EW2_ShadeDepth1_ShadeOrienation0_SHGCVLT0_ExWall1.png,-13.31,-10.65,-2.16,-1.36
25,25,600,0,0.22,30,1,59.73,12.07,22.16,1.28,27600.7,67.58,68.22,WWR-NS0_WWR-EW0_ShadeDepth2_ShadeOrienation0_SHGCVLT0_ExWall1.png,-29.15,-32.68,72.51,-75.15
50,25,600,0,0.22,30,1,65.44,13.81,54.62,2.62,30239.24,67.73,68.32,WWR-NS1_WWR-EW0_ShadeDepth2_ShadeOrienation0_SHGCVLT0_ExWall1.png,-22.38,-22.98,32.25,-49.13
75,25,600,0,0.22,30,1,71.02,15.42,75.98,4.54,32817.71,67.88,68.4,WWR-NS2_WWR-EW0_ShadeDepth2_ShadeOrienation0_SHGCVLT0_ExWall1.png,-15.76,-14,5.76,-11.84
25,50,600,0,0.22,30,1,60.81,12.4,27.23,1.5,28099.76,67.61,68.23,WWR-NS0_WWR-EW1_ShadeDepth2_ShadeOrienation0_SHGCVLT0_ExWall1.png,-27.87,-30.84,66.22,-70.87
50,50,600,0,0.22,30,1,66.51,14.15,58.85,2.85,30733.68,67.74,68.32,WWR-NS1_WWR-EW1_ShadeDepth2_ShadeOrienation0_SHGCVLT0_ExWall1.png,-21.11,-21.08,27,-44.66
75,50,600,0,0.22,30,1,72.1,15.74,78.86,4.78,33316.77,67.89,68.4,WWR-NS2_WWR-EW1_ShadeDepth2_ShadeOrienation0_SHGCVLT0_ExWall1.png,-14.48,-12.21,2.18,-7.18
25,75,600,0,0.22,30,1,61.68,12.69,33.15,1.77,28501.78,67.61,68.24,WWR-NS0_WWR-EW2_ShadeDepth2_ShadeOrienation0_SHGCVLT0_ExWall1.png,-26.84,-29.22,58.88,-65.63
50,75,600,0,0.22,30,1,67.38,14.42,63.49,3.13,31135.7,67.74,68.32,WWR-NS1_WWR-EW2_ShadeDepth2_ShadeOrienation0_SHGCVLT0_ExWall1.png,-20.08,-19.58,21.25,-39.22
75,75,600,0,0.22,30,1,72.95,15.98,82.3,5.07,33709.55,67.9,68.4,WWR-NS2_WWR-EW2_ShadeDepth2_ShadeOrienation0_SHGCVLT0_ExWall1.png,-13.47,-10.88,-2.08,-1.55
25,25,0,1,0.22,30,1,60.31,12.18,21.94,1.24,27868.72,67.61,68.24,WWR-NS0_WWR-EW0_ShadeDepth0_ShadeOrienation1_SHGCVLT0_ExWall1.png,-28.47,-32.07,72.79,-75.92
50,25,0,1,0.22,30,1,65.71,13.89,54.7,2.63,30364.01,67.74,68.33,WWR-NS1_WWR-EW0_ShadeDepth0_ShadeOrienation1_SHGCVLT0_ExWall1.png,-22.06,-22.53,32.15,-48.93
75,25,0,1,0.22,30,1,71.36,15.51,76.01,4.54,32974.82,67.9,68.4,WWR-NS2_WWR-EW0_ShadeDepth0_ShadeOrienation1_SHGCVLT0_ExWall1.png,-15.36,-13.5,5.72,-11.84
25,50,0,1,0.22,30,1,61.26,12.48,27.03,1.45,28307.7,67.64,68.24,WWR-NS0_WWR-EW1_ShadeDepth0_ShadeOrienation1_SHGCVLT0_ExWall1.png,-27.34,-30.4,66.47,-71.84
50,50,0,1,0.22,30,1,66.68,14.2,58.9,2.85,30812.24,67.76,68.34,WWR-NS1_WWR-EW1_ShadeDepth0_ShadeOrienation1_SHGCVLT0_ExWall1.png,-20.91,-20.8,26.94,-44.66
75,50,0,1,0.22,30,1,72.32,15.79,78.88,4.77,33418.43,67.91,68.4,WWR-NS2_WWR-EW1_ShadeDepth0_ShadeOrienation1_SHGCVLT0_ExWall1.png,-14.22,-11.94,2.16,-7.38
25,75,0,1,0.22,30,1,62.17,12.78,32.98,1.73,28728.21,67.65,68.25,WWR-NS0_WWR-EW2_ShadeDepth0_ShadeOrienation1_SHGCVLT0_ExWall1.png,-26.26,-28.72,59.09,-66.41
50,75,0,1,0.22,30,1,67.62,14.48,63.58,3.14,31246.6,67.8,68.34,WWR-NS1_WWR-EW2_ShadeDepth0_ShadeOrienation1_SHGCVLT0_ExWall1.png,-19.8,-19.24,21.14,-39.03
75,75,0,1,0.22,30,1,73.23,16.06,82.35,5.08,33838.93,67.92,68.41,WWR-NS2_WWR-EW2_ShadeDepth0_ShadeOrienation1_SHGCVLT0_ExWall1.png,-13.14,-10.43,-2.15,-1.36
25,25,300,1,0.22,30,1,59.27,11.93,19.78,0.82,27388.14,67.58,68.22,WWR-NS0_WWR-EW0_ShadeDepth1_ShadeOrienation1_SHGCVLT0_ExWall1.png,-29.7,-33.46,75.47,-84.08
50,25,300,1,0.22,30,1,63.95,13.41,53.12,1.86,29550.73,67.71,68.3,WWR-NS1_WWR-EW0_ShadeDepth1_ShadeOrienation1_SHGCVLT0_ExWall1.png,-24.15,-25.21,34.11,-63.88
75,25,300,1,0.22,30,1,69.54,15.06,75.33,3.75,32133.82,67.87,68.39,WWR-NS2_WWR-EW0_ShadeDepth1_ShadeOrienation1_SHGCVLT0_ExWall1.png,-17.52,-16.01,6.56,-27.18
25,50,300,1,0.22,30,1,60.06,12.2,24.97,0.98,27753.19,67.6,68.23,WWR-NS0_WWR-EW1_ShadeDepth1_ShadeOrienation1_SHGCVLT0_ExWall1.png,-28.76,-31.96,69.03,-80.97
50,50,300,1,0.22,30,1,64.81,13.69,57.41,2.03,29948.13,67.71,68.31,WWR-NS1_WWR-EW1_ShadeDepth1_ShadeOrienation1_SHGCVLT0_ExWall1.png,-23.13,-23.65,28.79,-60.58
75,50,300,1,0.22,30,1,70.38,15.31,78.23,3.94,32521.97,67.87,68.39,WWR-NS2_WWR-EW1_ShadeDepth1_ShadeOrienation1_SHGCVLT0_ExWall1.png,-16.52,-14.61,2.96,-23.5
25,75,300,1,0.22,30,1,60.91,12.45,30.97,1.27,28145.97,67.61,68.24,WWR-NS0_WWR-EW2_ShadeDepth1_ShadeOrienation1_SHGCVLT0_ExWall1.png,-27.75,-30.56,61.59,-75.34
50,75,300,1,0.22,30,1,65.73,13.99,62.15,2.32,30373.25,67.72,68.31,WWR-NS1_WWR-EW2_ShadeDepth1_ShadeOrienation1_SHGCVLT0_ExWall1.png,-22.04,-21.97,22.91,-54.95
75,75,300,1,0.22,30,1,71.31,15.58,81.77,4.24,32951.72,67.88,68.4,WWR-NS2_WWR-EW2_ShadeDepth1_ShadeOrienation1_SHGCVLT0_ExWall1.png,-15.42,-13.11,-1.43,-17.67
25,25,600,1,0.22,30,1,58.75,11.76,18.21,0.55,27147.85,67.58,68.21,WWR-NS0_WWR-EW0_ShadeDepth2_ShadeOrienation1_SHGCVLT0_ExWall1.png,-30.32,-34.41,77.41,-89.32
50,25,600,1,0.22,30,1,62.42,13.09,51.52,1.22,28843.73,67.66,68.28,WWR-NS1_WWR-EW0_ShadeDepth2_ShadeOrienation1_SHGCVLT0_ExWall1.png,-25.96,-26.99,36.1,-76.31
75,25,600,1,0.22,30,1,67.91,14.66,74.66,3.04,31380.61,67.77,68.33,WWR-NS2_WWR-EW0_ShadeDepth2_ShadeOrienation1_SHGCVLT0_ExWall1.png,-19.45,-18.24,7.39,-40.97
25,50,600,1,0.22,30,1,59.46,11.99,23.42,0.66,27475.94,67.58,68.22,WWR-NS0_WWR-EW1_ShadeDepth2_ShadeOrienation1_SHGCVLT0_ExWall1.png,-29.47,-33.13,70.95,-87.18
50,50,600,1,0.22,30,1,63.15,13.32,55.84,1.32,29181.06,67.67,68.28,WWR-NS1_WWR-EW1_ShadeDepth2_ShadeOrienation1_SHGCVLT0_ExWall1.png,-25.1,-25.71,30.74,-74.37
75,50,600,1,0.22,30,1,68.62,14.87,77.63,3.16,31708.69,67.79,68.34,WWR-NS2_WWR-EW1_ShadeDepth2_ShadeOrienation1_SHGCVLT0_ExWall1.png,-18.61,-17.07,3.71,-38.64
25,75,600,1,0.22,30,1,59.92,12.2,29.48,0.93,27688.5,67.58,68.22,WWR-NS0_WWR-EW2_ShadeDepth2_ShadeOrienation1_SHGCVLT0_ExWall1.png,-28.93,-31.96,63.43,-81.94
50,75,600,1,0.22,30,1,64.06,13.6,60.69,1.6,29601.56,67.68,68.29,WWR-NS1_WWR-EW2_ShadeDepth2_ShadeOrienation1_SHGCVLT0_ExWall1.png,-24.02,-24.15,24.72,-68.93
75,75,600,1,0.22,30,1,69.53,15.14,81.17,3.45,32129.2,67.81,68.37,WWR-NS2_WWR-EW2_ShadeDepth2_ShadeOrienation1_SHGCVLT0_ExWall1.png,-17.53,-15.56,-0.68,-33.01
25,25,0,0,0.45,50,1,71.11,14.38,43.64,2.25,32859.3,70.66,71.19,WWR-NS0_WWR-EW0_ShadeDepth0_ShadeOrienation0_SHGCVLT1_ExWall1.png,-15.66,-19.8,45.87,-56.31
50,25,0,0,0.45,50,1,82.67,17.52,76.28,4.73,38201.07,70.94,71.4,WWR-NS1_WWR-EW0_ShadeDepth0_ShadeOrienation0_SHGCVLT1_ExWall1.png,-1.95,-2.29,5.38,-8.16
75,25,0,0,0.45,50,1,95.44,20.73,85.26,7.9,44101.98,71.11,71.6,WWR-NS2_WWR-EW0_ShadeDepth0_ShadeOrienation0_SHGCVLT1_ExWall1.png,13.2,15.62,-5.76,53.4
25,50,0,0,0.45,50,1,73.26,14.97,50.23,2.65,33852.8,70.73,71.23,WWR-NS0_WWR-EW1_ShadeDepth0_ShadeOrienation0_SHGCVLT1_ExWall1.png,-13.11,-16.51,37.7,-48.54
50,50,0,0,0.45,50,1,84.74,18.06,80.61,5.15,39157.6,70.95,71.44,WWR-NS1_WWR-EW1_ShadeDepth0_ShadeOrienation0_SHGCVLT1_ExWall1.png,0.51,0.73,0.01,0
75,50,0,0,0.45,50,1,97.2,21.16,88.97,8.35,44915.26,71.15,71.63,WWR-NS2_WWR-EW1_ShadeDepth0_ShadeOrienation0_SHGCVLT1_ExWall1.png,15.29,18.01,-10.36,62.14
25,75,0,0,0.45,50,1,75.36,15.5,55.71,3.15,34823.19,70.74,71.26,WWR-NS0_WWR-EW2_ShadeDepth0_ShadeOrienation0_SHGCVLT1_ExWall1.png,-10.62,-13.55,30.9,-38.83
50,75,0,0,0.45,50,1,87.75,18.7,84.08,5.68,40548.5,70.98,71.48,WWR-NS1_WWR-EW2_ShadeDepth0_ShadeOrienation0_SHGCVLT1_ExWall1.png,4.08,4.29,-4.29,10.29
75,75,0,0,0.45,50,1,99.07,21.61,92.09,8.9,45779.37,71.2,71.68,WWR-NS2_WWR-EW2_ShadeDepth0_ShadeOrienation0_SHGCVLT1_ExWall1.png,17.51,20.52,-14.23,72.82
25,25,300,0,0.45,50,1,70.5,14.26,43.5,2.22,32577.43,70.64,71.15,WWR-NS0_WWR-EW0_ShadeDepth1_ShadeOrienation0_SHGCVLT1_ExWall1.png,-16.38,-20.47,46.04,-56.89
50,25,300,0,0.45,50,1,82.41,17.46,76.33,4.7,38080.93,70.92,71.4,WWR-NS1_WWR-EW0_ShadeDepth1_ShadeOrienation0_SHGCVLT1_ExWall1.png,-2.25,-2.62,5.32,-8.74
75,25,300,0,0.45,50,1,95.14,20.67,85.24,7.87,43963.35,71.11,71.6,WWR-NS2_WWR-EW0_ShadeDepth1_ShadeOrienation0_SHGCVLT1_ExWall1.png,12.85,15.28,-5.73,52.82
25,50,300,0,0.45,50,1,72.8,14.9,49.92,2.64,33640.24,70.7,71.2,WWR-NS0_WWR-EW1_ShadeDepth1_ShadeOrienation0_SHGCVLT1_ExWall1.png,-13.65,-16.9,38.08,-48.74
50,50,300,0,0.45,50,1,84.56,18.01,80.59,5.14,39074.43,70.95,71.43,WWR-NS1_WWR-EW1_ShadeDepth1_ShadeOrienation0_SHGCVLT1_ExWall1.png,0.3,0.45,0.04,-0.19
75,50,300,0,0.45,50,1,97.02,21.12,88.98,8.34,44832.08,71.13,71.63,WWR-NS2_WWR-EW1_ShadeDepth1_ShadeOrienation0_SHGCVLT1_ExWall1.png,15.08,17.79,-10.37,61.94
25,75,300,0,0.45,50,1,74.86,15.42,55.61,3.12,34592.14,70.73,71.22,WWR-NS0_WWR-EW2_ShadeDepth1_ShadeOrienation0_SHGCVLT1_ExWall1.png,-11.21,-14,31.02,-39.42
50,75,300,0,0.45,50,1,87.51,18.63,84.07,5.64,40437.6,70.98,71.47,WWR-NS1_WWR-EW2_ShadeDepth1_ShadeOrienation0_SHGCVLT1_ExWall1.png,3.8,3.9,-4.28,9.51
75,75,300,0,0.45,50,1,98.81,21.54,92.12,8.87,45659.23,71.18,71.66,WWR-NS2_WWR-EW2_ShadeDepth1_ShadeOrienation0_SHGCVLT1_ExWall1.png,17.2,20.13,-14.26,72.23
25,25,600,0,0.45,50,1,70.01,14.17,43.47,2.22,32351,70.59,71.14,WWR-NS0_WWR-EW0_ShadeDepth2_ShadeOrienation0_SHGCVLT1_ExWall1.png,-16.96,-20.97,46.08,-56.89
50,25,600,0,0.45,50,1,82.17,17.41,76.21,4.68,37970.03,70.91,71.37,WWR-NS1_WWR-EW0_ShadeDepth2_ShadeOrienation0_SHGCVLT1_ExWall1.png,-2.54,-2.9,5.47,-9.13
75,25,600,0,0.45,50,1,94.86,20.61,85.19,7.85,43833.97,71.1,71.6,WWR-NS2_WWR-EW0_ShadeDepth2_ShadeOrienation0_SHGCVLT1_ExWall1.png,12.51,14.95,-5.67,52.43
25,50,600,0,0.45,50,1,72.41,14.83,49.83,2.65,33460.02,70.64,71.15,WWR-NS0_WWR-EW1_ShadeDepth2_ShadeOrienation0_SHGCVLT1_ExWall1.png,-14.11,-17.29,38.19,-48.54
50,50,600,0,0.45,50,1,84.39,17.96,80.59,5.12,38995.87,70.94,71.42,WWR-NS1_WWR-EW1_ShadeDepth2_ShadeOrienation0_SHGCVLT1_ExWall1.png,0.09,0.17,0.04,-0.58
75,50,600,0,0.45,50,1,96.82,21.08,88.99,8.32,44739.66,71.11,71.6,WWR-NS2_WWR-EW1_ShadeDepth2_ShadeOrienation0_SHGCVLT1_ExWall1.png,14.84,17.57,-10.38,61.55
25,75,600,0,0.45,50,1,74.43,15.35,55.54,3.11,34393.44,70.67,71.19,WWR-NS0_WWR-EW2_ShadeDepth2_ShadeOrienation0_SHGCVLT1_ExWall1.png,-11.72,-14.39,31.11,-39.61
50,75,600,0,0.45,50,1,87.27,18.56,84.01,5.61,40326.69,70.94,71.44,WWR-NS1_WWR-EW2_ShadeDepth2_ShadeOrienation0_SHGCVLT1_ExWall1.png,3.51,3.51,-4.2,8.93
75,75,600,0,0.45,50,1,98.53,21.47,92.06,8.84,45529.84,71.12,71.62,WWR-NS2_WWR-EW2_ShadeDepth2_ShadeOrienation0_SHGCVLT1_ExWall1.png,16.87,19.74,-14.19,71.65
25,25,0,1,0.45,50,1,71.11,14.38,43.65,2.25,32859.3,70.66,71.19,WWR-NS0_WWR-EW0_ShadeDepth0_ShadeOrienation1_SHGCVLT1_ExWall1.png,-15.66,-19.8,45.86,-56.31
50,25,0,1,0.45,50,1,82.67,17.52,76.31,4.73,38201.07,70.94,71.4,WWR-NS1_WWR-EW0_ShadeDepth0_ShadeOrienation1_SHGCVLT1_ExWall1.png,-1.95,-2.29,5.35,-8.16
75,25,0,1,0.45,50,1,95.44,20.73,85.25,7.9,44101.98,71.11,71.6,WWR-NS2_WWR-EW0_ShadeDepth0_ShadeOrienation1_SHGCVLT1_ExWall1.png,13.2,15.62,-5.74,53.4
25,50,0,1,0.45,50,1,73.26,14.97,50.05,2.65,33852.8,70.73,71.23,WWR-NS0_WWR-EW1_ShadeDepth0_ShadeOrienation1_SHGCVLT1_ExWall1.png,-13.11,-16.51,37.92,-48.54
50,50,0,1,0.45,50,1,84.74,18.06,80.61,5.16,39157.6,70.95,71.44,WWR-NS1_WWR-EW1_ShadeDepth0_ShadeOrienation1_SHGCVLT1_ExWall1.png,0.51,0.73,0.01,0.19
75,50,0,1,0.45,50,1,97.2,21.16,88.97,8.35,44915.26,71.15,71.63,WWR-NS2_WWR-EW1_ShadeDepth0_ShadeOrienation1_SHGCVLT1_ExWall1.png,15.29,18.01,-10.36,62.14
25,75,0,1,0.45,50,1,75.36,15.5,55.73,3.15,34823.19,70.74,71.26,WWR-NS0_WWR-EW2_ShadeDepth0_ShadeOrienation1_SHGCVLT1_ExWall1.png,-10.62,-13.55,30.87,-38.83
50,75,0,1,0.45,50,1,87.75,18.7,84.08,5.67,40548.5,70.98,71.48,WWR-NS1_WWR-EW2_ShadeDepth0_ShadeOrienation1_SHGCVLT1_ExWall1.png,4.08,4.29,-4.29,10.1
75,75,0,1,0.45,50,1,99.07,21.61,92.08,8.91,45779.37,71.2,71.68,WWR-NS2_WWR-EW2_ShadeDepth0_ShadeOrienation1_SHGCVLT1_ExWall1.png,17.51,20.52,-14.21,73.01
25,25,300,1,0.45,50,1,69.18,14.06,41.57,1.55,31967.47,70.59,71.15,WWR-NS0_WWR-EW0_ShadeDepth1_ShadeOrienation1_SHGCVLT1_ExWall1.png,-17.95,-21.58,48.44,-69.9
50,25,300,1,0.45,50,1,79.24,16.7,75.45,3.36,36616.1,70.87,71.32,WWR-NS1_WWR-EW0_ShadeDepth1_ShadeOrienation1_SHGCVLT1_ExWall1.png,-6.01,-6.86,6.41,-34.76
75,25,300,1,0.45,50,1,91.93,20.01,84.9,6.52,42480.04,71.08,71.6,WWR-NS2_WWR-EW0_ShadeDepth1_ShadeOrienation1_SHGCVLT1_ExWall1.png,9.04,11.6,-5.31,26.6
25,50,300,1,0.45,50,1,71.07,14.57,48.12,1.85,32840.82,70.64,71.16,WWR-NS0_WWR-EW1_ShadeDepth1_ShadeOrienation1_SHGCVLT1_ExWall1.png,-15.7,-18.74,40.31,-64.08
50,50,300,1,0.45,50,1,81,17.13,79.76,3.68,37429.38,70.9,71.36,WWR-NS1_WWR-EW1_ShadeDepth1_ShadeOrienation1_SHGCVLT1_ExWall1.png,-3.93,-4.46,1.07,-28.54
75,50,300,1,0.45,50,1,93.48,20.35,88.7,6.85,43196.28,71.1,71.6,WWR-NS2_WWR-EW1_ShadeDepth1_ShadeOrienation1_SHGCVLT1_ExWall1.png,10.88,13.5,-10.02,33.01
25,75,300,1,0.45,50,1,73.16,14.95,53.8,2.36,33806.59,70.68,71.19,WWR-NS0_WWR-EW2_ShadeDepth1_ShadeOrienation1_SHGCVLT1_ExWall1.png,-13.23,-16.62,33.27,-54.17
50,75,300,1,0.45,50,1,83.04,17.69,83.3,4.2,38372.05,70.92,71.39,WWR-NS1_WWR-EW2_ShadeDepth1_ShadeOrienation1_SHGCVLT1_ExWall1.png,-1.51,-1.34,-3.32,-18.45
75,75,300,1,0.45,50,1,95.26,20.72,91.84,7.41,44018.8,71.1,71.6,WWR-NS2_WWR-EW2_ShadeDepth1_ShadeOrienation1_SHGCVLT1_ExWall1.png,12.99,15.56,-13.92,43.88
25,25,600,1,0.45,50,1,67.64,13.7,39.73,1.12,31255.84,70.53,71.12,WWR-NS0_WWR-EW0_ShadeDepth2_ShadeOrienation1_SHGCVLT1_ExWall1.png,-19.77,-23.59,50.72,-78.25
50,25,600,1,0.45,50,1,76.24,15.97,74.6,2.36,35229.83,70.78,71.28,WWR-NS1_WWR-EW0_ShadeDepth2_ShadeOrienation1_SHGCVLT1_ExWall1.png,-9.57,-10.93,7.47,-54.17
75,25,600,1,0.45,50,1,88.74,19.31,84.64,5.38,41005.97,70.98,71.51,WWR-NS2_WWR-EW0_ShadeDepth2_ShadeOrienation1_SHGCVLT1_ExWall1.png,5.25,7.7,-4.99,4.47
25,50,600,1,0.45,50,1,69.25,14.15,46.36,1.33,31999.81,70.57,71.13,WWR-NS0_WWR-EW1_ShadeDepth2_ShadeOrienation1_SHGCVLT1_ExWall1.png,-17.86,-21.08,42.5,-74.17
50,50,600,1,0.45,50,1,77.68,16.31,78.93,2.58,35895.24,70.82,71.28,WWR-NS1_WWR-EW1_ShadeDepth2_ShadeOrienation1_SHGCVLT1_ExWall1.png,-7.86,-9.04,2.1,-49.9
75,50,600,1,0.45,50,1,90.06,19.56,88.31,5.62,41615.93,71.03,71.53,WWR-NS2_WWR-EW1_ShadeDepth2_ShadeOrienation1_SHGCVLT1_ExWall1.png,6.82,9.09,-9.54,9.13
25,75,600,1,0.45,50,1,71.57,14.65,52.28,1.82,33071.86,70.63,71.15,WWR-NS0_WWR-EW2_ShadeDepth2_ShadeOrienation1_SHGCVLT1_ExWall1.png,-15.11,-18.29,35.15,-64.66
50,75,600,1,0.45,50,1,79.7,16.87,82.57,3.07,36828.66,70.84,71.31,WWR-NS1_WWR-EW2_ShadeDepth2_ShadeOrienation1_SHGCVLT1_ExWall1.png,-5.47,-5.91,-2.42,-40.39
75,75,600,1,0.45,50,1,91.79,19.9,91.5,6.15,42415.35,71.07,71.58,WWR-NS2_WWR-EW2_ShadeDepth2_ShadeOrienation1_SHGCVLT1_ExWall1.png,8.87,10.99,-13.5,19.42
25,25,0,0,0.7,65,1,81.48,16.24,60.66,2.7,37651.19,73.74,74.41,WWR-NS0_WWR-EW0_ShadeDepth0_ShadeOrienation0_SHGCVLT2_ExWall1.png,-3.36,-9.43,24.76,-47.57
50,25,0,0,0.7,65,1,99.04,20.56,82.25,5.82,45765.51,74.28,74.87,WWR-NS1_WWR-EW0_ShadeDepth0_ShadeOrienation0_SHGCVLT2_ExWall1.png,17.47,14.67,-2.02,13.01
75,25,0,0,0.7,65,1,117.77,25,90.19,9.77,54420.47,74.77,75.3,WWR-NS2_WWR-EW0_ShadeDepth0_ShadeOrienation0_SHGCVLT2_ExWall1.png,39.69,39.43,-11.87,89.71
25,50,0,0,0.7,65,1,84.65,17.03,66.77,3.22,39116.02,73.87,74.5,WWR-NS0_WWR-EW1_ShadeDepth0_ShadeOrienation0_SHGCVLT2_ExWall1.png,0.4,-5.02,17.18,-37.48
50,50,0,0,0.7,65,1,101.76,21.13,86.5,6.39,47022.39,74.36,74.95,WWR-NS1_WWR-EW1_ShadeDepth0_ShadeOrienation0_SHGCVLT2_ExWall1.png,20.7,17.85,-7.29,24.08
75,50,0,0,0.7,65,1,120.17,25.48,93.78,10.4,55529.49,74.86,75.39,WWR-NS2_WWR-EW1_ShadeDepth0_ShadeOrienation0_SHGCVLT2_ExWall1.png,42.53,42.11,-16.32,101.94
25,75,0,0,0.7,65,1,87.88,17.78,71.54,3.85,40608.57,73.93,74.52,WWR-NS0_WWR-EW2_ShadeDepth0_ShadeOrienation0_SHGCVLT2_ExWall1.png,4.23,-0.84,11.26,-25.24
50,75,0,0,0.7,65,1,104.74,21.85,89.89,7.08,48399.43,74.44,75.03,WWR-NS1_WWR-EW2_ShadeDepth0_ShadeOrienation0_SHGCVLT2_ExWall1.png,24.23,21.86,-11.5,37.48
75,75,0,0,0.7,65,1,122.64,25.97,95.86,11.17,56670.86,74.91,75.42,WWR-NS2_WWR-EW2_ShadeDepth0_ShadeOrienation0_SHGCVLT2_ExWall1.png,45.46,44.84,-18.9,116.89
25,25,300,0,0.7,65,1,80.62,16.09,60.49,2.67,37253.79,73.69,74.34,WWR-NS0_WWR-EW0_ShadeDepth1_ShadeOrienation0_SHGCVLT2_ExWall1.png,-4.38,-10.26,24.97,-48.16
50,25,300,0,0.7,65,1,98.67,20.48,82.23,5.77,45594.53,74.25,74.86,WWR-NS1_WWR-EW0_ShadeDepth1_ShadeOrienation0_SHGCVLT2_ExWall1.png,17.03,14.22,-2,12.04
75,25,300,0,0.7,65,1,117.35,24.91,90.08,9.72,54226.4,74.76,75.27,WWR-NS2_WWR-EW0_ShadeDepth1_ShadeOrienation0_SHGCVLT2_ExWall1.png,39.19,38.93,-11.73,88.74
25,50,300,0,0.7,65,1,83.96,16.92,66.61,3.21,38797.17,73.79,74.45,WWR-NS0_WWR-EW1_ShadeDepth1_ShadeOrienation0_SHGCVLT2_ExWall1.png,-0.42,-5.63,17.38,-37.67
50,50,300,0,0.7,65,1,101.51,21.07,86.5,6.36,46906.87,74.33,74.91,WWR-NS1_WWR-EW1_ShadeDepth1_ShadeOrienation0_SHGCVLT2_ExWall1.png,20.4,17.51,-7.29,23.5
75,50,300,0,0.7,65,1,119.9,25.43,93.8,10.37,55404.73,74.83,75.35,WWR-NS2_WWR-EW1_ShadeDepth1_ShadeOrienation0_SHGCVLT2_ExWall1.png,42.21,41.83,-16.35,101.36
25,75,300,0,0.7,65,1,87.12,17.68,71.31,3.82,40257.38,73.85,74.51,WWR-NS0_WWR-EW2_ShadeDepth1_ShadeOrienation0_SHGCVLT2_ExWall1.png,3.33,-1.39,11.55,-25.83
50,75,300,0,0.7,65,1,104.41,21.77,89.84,7.03,48246.94,74.41,75,WWR-NS1_WWR-EW2_ShadeDepth1_ShadeOrienation0_SHGCVLT2_ExWall1.png,23.84,21.42,-11.44,36.5
75,75,300,0,0.7,65,1,122.26,25.88,95.83,11.11,56495.26,74.87,75.41,WWR-NS2_WWR-EW2_ShadeDepth1_ShadeOrienation0_SHGCVLT2_ExWall1.png,45.01,44.34,-18.87,115.73
25,25,600,0,0.7,65,1,79.93,15.97,60.17,2.67,36934.95,73.66,74.3,WWR-NS0_WWR-EW0_ShadeDepth2_ShadeOrienation0_SHGCVLT2_ExWall1.png,-5.2,-10.93,25.37,-48.16
50,25,600,0,0.7,65,1,98.31,20.41,82.18,5.73,45428.18,74.22,74.86,WWR-NS1_WWR-EW0_ShadeDepth2_ShadeOrienation0_SHGCVLT2_ExWall1.png,16.61,13.83,-1.94,11.26
75,25,600,0,0.7,65,1,116.93,24.82,90.03,9.68,54032.32,74.74,75.22,WWR-NS2_WWR-EW0_ShadeDepth2_ShadeOrienation0_SHGCVLT2_ExWall1.png,38.69,38.43,-11.67,87.96
25,50,600,0,0.7,65,1,83.4,16.83,66.36,3.23,38538.4,73.72,74.41,WWR-NS0_WWR-EW1_ShadeDepth2_ShadeOrienation0_SHGCVLT2_ExWall1.png,-1.08,-6.13,17.69,-37.28
50,50,600,0,0.7,65,1,101.24,21.01,86.46,6.34,46782.11,74.29,74.89,WWR-NS1_WWR-EW1_ShadeDepth2_ShadeOrienation0_SHGCVLT2_ExWall1.png,20.08,17.18,-7.24,23.11
75,50,600,0,0.7,65,1,119.59,25.36,93.78,10.34,55261.48,74.76,75.3,WWR-NS2_WWR-EW1_ShadeDepth2_ShadeOrienation0_SHGCVLT2_ExWall1.png,41.85,41.44,-16.32,100.78
25,75,600,0,0.7,65,1,86.48,17.58,71.2,3.81,39961.64,73.8,74.44,WWR-NS0_WWR-EW2_ShadeDepth2_ShadeOrienation0_SHGCVLT2_ExWall1.png,2.57,-1.95,11.68,-26.02
50,75,600,0,0.7,65,1,104.04,21.68,89.83,6.99,48075.96,74.36,74.93,WWR-NS1_WWR-EW2_ShadeDepth2_ShadeOrienation0_SHGCVLT2_ExWall1.png,23.4,20.91,-11.42,35.73
75,75,600,0,0.7,65,1,121.87,25.78,95.9,11.06,56315.05,74.81,75.37,WWR-NS2_WWR-EW2_ShadeDepth2_ShadeOrienation0_SHGCVLT2_ExWall1.png,44.55,43.78,-18.95,114.76
25,25,0,1,0.7,65,1,81.48,16.24,60.63,2.7,37651.19,73.74,74.41,WWR-NS0_WWR-EW0_ShadeDepth0_ShadeOrienation1_SHGCVLT2_ExWall1.png,-3.36,-9.43,24.8,-47.57
50,25,0,1,0.7,65,1,99.04,20.56,82.27,5.82,45765.51,74.28,74.87,WWR-NS1_WWR-EW0_ShadeDepth0_ShadeOrienation1_SHGCVLT2_ExWall1.png,17.47,14.67,-2.05,13.01
75,25,0,1,0.7,65,1,117.77,25,90.15,9.77,54420.47,74.77,75.3,WWR-NS2_WWR-EW0_ShadeDepth0_ShadeOrienation1_SHGCVLT2_ExWall1.png,39.69,39.43,-11.82,89.71
25,50,0,1,0.7,65,1,84.65,17.03,66.75,3.22,39116.02,73.87,74.5,WWR-NS0_WWR-EW1_ShadeDepth0_ShadeOrienation1_SHGCVLT2_ExWall1.png,0.4,-5.02,17.2,-37.48
50,50,0,1,0.7,65,1,101.76,21.13,86.51,6.39,47022.39,74.36,74.95,WWR-NS1_WWR-EW1_ShadeDepth0_ShadeOrienation1_SHGCVLT2_ExWall1.png,20.7,17.85,-7.31,24.08
75,50,0,1,0.7,65,1,120.17,25.48,93.77,10.4,55529.49,74.86,75.39,WWR-NS2_WWR-EW1_ShadeDepth0_ShadeOrienation1_SHGCVLT2_ExWall1.png,42.53,42.11,-16.31,101.94
25,75,0,1,0.7,65,1,87.88,17.78,71.5,3.84,40608.57,73.93,74.52,WWR-NS0_WWR-EW2_ShadeDepth0_ShadeOrienation1_SHGCVLT2_ExWall1.png,4.23,-0.84,11.31,-25.44
50,75,0,1,0.7,65,1,104.74,21.85,89.86,7.07,48399.43,74.44,75.03,WWR-NS1_WWR-EW2_ShadeDepth0_ShadeOrienation1_SHGCVLT2_ExWall1.png,24.23,21.86,-11.46,37.28
75,75,0,1,0.7,65,1,122.64,25.97,95.89,11.17,56670.86,74.91,75.42,WWR-NS2_WWR-EW2_ShadeDepth0_ShadeOrienation1_SHGCVLT2_ExWall1.png,45.46,44.84,-18.94,116.89
25,25,300,1,0.7,65,1,78.64,15.58,58.84,1.9,36338.85,73.66,74.3,WWR-NS0_WWR-EW0_ShadeDepth1_ShadeOrienation1_SHGCVLT2_ExWall1.png,-6.73,-13.11,27.02,-63.11
50,25,300,1,0.7,65,1,94.04,19.42,81.66,4.19,43455.05,74.14,74.76,WWR-NS1_WWR-EW0_ShadeDepth1_ShadeOrienation1_SHGCVLT2_ExWall1.png,11.54,8.31,-1.29,-18.64
75,25,300,1,0.7,65,1,112.66,23.85,89.83,8.12,52059.19,74.67,75.15,WWR-NS2_WWR-EW0_ShadeDepth1_ShadeOrienation1_SHGCVLT2_ExWall1.png,33.63,33.02,-11.42,57.67
25,50,300,1,0.7,65,1,81.46,16.3,64.98,2.3,37641.94,73.74,74.39,WWR-NS0_WWR-EW1_ShadeDepth1_ShadeOrienation1_SHGCVLT2_ExWall1.png,-3.38,-9.09,19.4,-55.34
50,50,300,1,0.7,65,1,96.36,19.87,86.01,4.63,44527.1,74.21,74.84,WWR-NS1_WWR-EW1_ShadeDepth1_ShadeOrienation1_SHGCVLT2_ExWall1.png,14.29,10.82,-6.69,-10.1
75,50,300,1,0.7,65,1,114.8,24.31,93.52,8.62,53048.06,74.73,75.21,WWR-NS2_WWR-EW1_ShadeDepth1_ShadeOrienation1_SHGCVLT2_ExWall1.png,36.16,35.58,-16,67.38
25,75,300,1,0.7,65,1,84.68,17.04,69.93,2.93,39129.88,73.81,74.45,WWR-NS0_WWR-EW2_ShadeDepth1_ShadeOrienation1_SHGCVLT2_ExWall1.png,0.44,-4.96,13.26,-43.11
50,75,300,1,0.7,65,1,99.34,20.61,89.41,5.32,45904.13,74.28,74.89,WWR-NS1_WWR-EW2_ShadeDepth1_ShadeOrienation1_SHGCVLT2_ExWall1.png,17.83,14.95,-10.9,3.3
75,75,300,1,0.7,65,1,117.29,24.8,95.71,9.39,54198.67,74.75,75.32,WWR-NS2_WWR-EW2_ShadeDepth1_ShadeOrienation1_SHGCVLT2_ExWall1.png,39.12,38.32,-18.72,82.33
25,25,600,1,0.7,65,1,76.51,15.11,57.4,1.4,35354.59,73.61,74.26,WWR-NS0_WWR-EW0_ShadeDepth2_ShadeOrienation1_SHGCVLT2_ExWall1.png,-9.25,-15.73,28.8,-72.82
50,25,600,1,0.7,65,1,89.66,18.39,81.08,2.94,41431.09,74.05,74.67,WWR-NS1_WWR-EW0_ShadeDepth2_ShadeOrienation1_SHGCVLT2_ExWall1.png,6.35,2.57,-0.57,-42.91
75,25,600,1,0.7,65,1,108.1,22.82,89.49,6.76,49952.05,74.54,75.07,WWR-NS2_WWR-EW0_ShadeDepth2_ShadeOrienation1_SHGCVLT2_ExWall1.png,28.22,27.27,-11,31.26
25,50,600,1,0.7,65,1,78.94,15.72,63.65,1.68,36477.47,73.64,74.28,WWR-NS0_WWR-EW1_ShadeDepth2_ShadeOrienation1_SHGCVLT2_ExWall1.png,-6.37,-12.33,21.05,-67.38
50,50,600,1,0.7,65,1,91.62,18.79,85.48,3.24,42336.79,74.12,74.71,WWR-NS1_WWR-EW1_ShadeDepth2_ShadeOrienation1_SHGCVLT2_ExWall1.png,8.67,4.8,-6.03,-37.09
75,50,600,1,0.7,65,1,109.91,23.16,93.32,7.12,50788.44,74.55,75.09,WWR-NS2_WWR-EW1_ShadeDepth2_ShadeOrienation1_SHGCVLT2_ExWall1.png,30.36,29.17,-15.75,38.25
25,75,600,1,0.7,65,1,82.08,16.45,68.66,2.29,37928.44,73.72,74.36,WWR-NS0_WWR-EW2_ShadeDepth2_ShadeOrienation1_SHGCVLT2_ExWall1.png,-2.65,-8.25,14.84,-55.53
50,75,600,1,0.7,65,1,94.52,19.49,88.91,3.91,43676.85,74.17,74.78,WWR-NS1_WWR-EW2_ShadeDepth2_ShadeOrienation1_SHGCVLT2_ExWall1.png,12.11,8.7,-10.28,-24.08
75,75,600,1,0.7,65,1,112.26,23.64,95.49,7.86,51874.35,74.65,75.14,WWR-NS2_WWR-EW2_ShadeDepth2_ShadeOrienation1_SHGCVLT2_ExWall1.png,33.15,31.85,-18.44,52.62
